t-12,t-11,t-10,t-9,t-8,t-7,t-6,t-5,t-4,t-3,t-2,t-1,t
0.0690877557561282,-0.0024187054382535,0.0338394185602668,0.0228290363226126,0.0136401422670064,0.0117217270809057,-0.0237771641529439,0.0427248038742442,0.0437204179059349,0.127219278976612,-0.2199271338889799,-0.0444194286557906,0.1218693829497012
-0.0024187054382535,0.0338394185602668,0.0228290363226126,0.0136401422670064,0.0117217270809057,-0.0237771641529439,0.0427248038742442,0.0437204179059349,0.127219278976612,-0.2199271338889799,-0.0444194286557906,0.1218693829497012,0.0034740839964531
0.0338394185602668,0.0228290363226126,0.0136401422670064,0.0117217270809057,-0.0237771641529439,0.0427248038742442,0.0437204179059349,0.127219278976612,-0.2199271338889799,-0.0444194286557906,0.1218693829497012,0.0034740839964531,0.0387233785707021
0.0228290363226126,0.0136401422670064,0.0117217270809057,-0.0237771641529439,0.0427248038742442,0.0437204179059349,0.127219278976612,-0.2199271338889799,-0.0444194286557906,0.1218693829497012,0.0034740839964531,0.0387233785707021,0.008673791606965
0.0136401422670064,0.0117217270809057,-0.0237771641529439,0.0427248038742442,0.0437204179059349,0.127219278976612,-0.2199271338889799,-0.0444194286557906,0.1218693829497012,0.0034740839964531,0.0387233785707021,0.008673791606965,0.0249562171628721
0.0117217270809057,-0.0237771641529439,0.0427248038742442,0.0437204179059349,0.127219278976612,-0.2199271338889799,-0.0444194286557906,0.1218693829497012,0.0034740839964531,0.0387233785707021,0.008673791606965,0.0249562171628721,0.0136930378735797
-0.0237771641529439,0.0427248038742442,0.0437204179059349,0.127219278976612,-0.2199271338889799,-0.0444194286557906,0.1218693829497012,0.0034740839964531,0.0387233785707021,0.008673791606965,0.0249562171628721,0.0136930378735797,-0.0216408419548651
0.0427248038742442,0.0437204179059349,0.127219278976612,-0.2199271338889799,-0.0444194286557906,0.1218693829497012,0.0034740839964531,0.0387233785707021,0.008673791606965,0.0249562171628721,0.0136930378735797,-0.0216408419548651,0.0375990052901751
0.0437204179059349,0.127219278976612,-0.2199271338889799,-0.0444194286557906,0.1218693829497012,0.0034740839964531,0.0387233785707021,0.008673791606965,0.0249562171628721,0.0136930378735797,-0.0216408419548651,0.0375990052901751,0.0809508169623447
0.127219278976612,-0.2199271338889799,-0.0444194286557906,0.1218693829497012,0.0034740839964531,0.0387233785707021,0.008673791606965,0.0249562171628721,0.0136930378735797,-0.0216408419548651,0.0375990052901751,0.0809508169623447,0.0917022101589764
-0.2199271338889799,-0.0444194286557906,0.1218693829497012,0.0034740839964531,0.0387233785707021,0.008673791606965,0.0249562171628721,0.0136930378735797,-0.0216408419548651,0.0375990052901751,0.0809508169623447,0.0917022101589764,-0.2844923957350539
-0.0444194286557906,0.1218693829497012,0.0034740839964531,0.0387233785707021,0.008673791606965,0.0249562171628721,0.0136930378735797,-0.0216408419548651,0.0375990052901751,0.0809508169623447,0.0917022101589764,-0.2844923957350539,0.0338871793754367
0.1218693829497012,0.0034740839964531,0.0387233785707021,0.008673791606965,0.0249562171628721,0.0136930378735797,-0.0216408419548651,0.0375990052901751,0.0809508169623447,0.0917022101589764,-0.2844923957350539,0.0338871793754367,0.1699159281981368
0.0034740839964531,0.0387233785707021,0.008673791606965,0.0249562171628721,0.0136930378735797,-0.0216408419548651,0.0375990052901751,0.0809508169623447,0.0917022101589764,-0.2844923957350539,0.0338871793754367,0.1699159281981368,-0.0249873897731057
0.0387233785707021,0.008673791606965,0.0249562171628721,0.0136930378735797,-0.0216408419548651,0.0375990052901751,0.0809508169623447,0.0917022101589764,-0.2844923957350539,0.0338871793754367,0.1699159281981368,-0.0249873897731057,0.0362344467219031
0.008673791606965,0.0249562171628721,0.0136930378735797,-0.0216408419548651,0.0375990052901751,0.0809508169623447,0.0917022101589764,-0.2844923957350539,0.0338871793754367,0.1699159281981368,-0.0249873897731057,0.0362344467219031,0.0221505608508354
0.0249562171628721,0.0136930378735797,-0.0216408419548651,0.0375990052901751,0.0809508169623447,0.0917022101589764,-0.2844923957350539,0.0338871793754367,0.1699159281981368,-0.0249873897731057,0.0362344467219031,0.0221505608508354,0.0071519684266758
0.0136930378735797,-0.0216408419548651,0.0375990052901751,0.0809508169623447,0.0917022101589764,-0.2844923957350539,0.0338871793754367,0.1699159281981368,-0.0249873897731057,0.0362344467219031,0.0221505608508354,0.0071519684266758,0.079850398900183
-0.0216408419548651,0.0375990052901751,0.0809508169623447,0.0917022101589764,-0.2844923957350539,0.0338871793754367,0.1699159281981368,-0.0249873897731057,0.0362344467219031,0.0221505608508354,0.0071519684266758,0.079850398900183,-0.025958217842625
0.0375990052901751,0.0809508169623447,0.0917022101589764,-0.2844923957350539,0.0338871793754367,0.1699159281981368,-0.0249873897731057,0.0362344467219031,0.0221505608508354,0.0071519684266758,0.079850398900183,-0.025958217842625,0.0247100259581474
0.0809508169623447,0.0917022101589764,-0.2844923957350539,0.0338871793754367,0.1699159281981368,-0.0249873897731057,0.0362344467219031,0.0221505608508354,0.0071519684266758,0.079850398900183,-0.025958217842625,0.0247100259581474,0.0776409352496307
0.0917022101589764,-0.2844923957350539,0.0338871793754367,0.1699159281981368,-0.0249873897731057,0.0362344467219031,0.0221505608508354,0.0071519684266758,0.079850398900183,-0.025958217842625,0.0247100259581474,0.0776409352496307,0.099581444018137
-0.2844923957350539,0.0338871793754367,0.1699159281981368,-0.0249873897731057,0.0362344467219031,0.0221505608508354,0.0071519684266758,0.079850398900183,-0.025958217842625,0.0247100259581474,0.0776409352496307,0.099581444018137,-0.2596933756489979
0.0338871793754367,0.1699159281981368,-0.0249873897731057,0.0362344467219031,0.0221505608508354,0.0071519684266758,0.079850398900183,-0.025958217842625,0.0247100259581474,0.0776409352496307,0.099581444018137,-0.2596933756489979,-0.0476221143430499
0.1699159281981368,-0.0249873897731057,0.0362344467219031,0.0221505608508354,0.0071519684266758,0.079850398900183,-0.025958217842625,0.0247100259581474,0.0776409352496307,0.099581444018137,-0.2596933756489979,-0.0476221143430499,0.1566543295029521
-0.0249873897731057,0.0362344467219031,0.0221505608508354,0.0071519684266758,0.079850398900183,-0.025958217842625,0.0247100259581474,0.0776409352496307,0.099581444018137,-0.2596933756489979,-0.0476221143430499,0.1566543295029521,-0.0491912878177658
0.0362344467219031,0.0221505608508354,0.0071519684266758,0.079850398900183,-0.025958217842625,0.0247100259581474,0.0776409352496307,0.099581444018137,-0.2596933756489979,-0.0476221143430499,0.1566543295029521,-0.0491912878177658,0.0803777583021316
0.0221505608508354,0.0071519684266758,0.079850398900183,-0.025958217842625,0.0247100259581474,0.0776409352496307,0.099581444018137,-0.2596933756489979,-0.0476221143430499,0.1566543295029521,-0.0491912878177658,0.0803777583021316,0.0021639628724174
0.0071519684266758,0.079850398900183,-0.025958217842625,0.0247100259581474,0.0776409352496307,0.099581444018137,-0.2596933756489979,-0.0476221143430499,0.1566543295029521,-0.0491912878177658,0.0803777583021316,0.0021639628724174,-0.0011547344110858
0.079850398900183,-0.025958217842625,0.0247100259581474,0.0776409352496307,0.099581444018137,-0.2596933756489979,-0.0476221143430499,0.1566543295029521,-0.0491912878177658,0.0803777583021316,0.0021639628724174,-0.0011547344110858,0.0636689724880763
-0.025958217842625,0.0247100259581474,0.0776409352496307,0.099581444018137,-0.2596933756489979,-0.0476221143430499,0.1566543295029521,-0.0491912878177658,0.0803777583021316,0.0021639628724174,-0.0011547344110858,0.0636689724880763,-0.0140518566225513
0.0247100259581474,0.0776409352496307,0.099581444018137,-0.2596933756489979,-0.0476221143430499,0.1566543295029521,-0.0491912878177658,0.0803777583021316,0.0021639628724174,-0.0011547344110858,0.0636689724880763,-0.0140518566225513,0.019373700661271
0.0776409352496307,0.099581444018137,-0.2596933756489979,-0.0476221143430499,0.1566543295029521,-0.0491912878177658,0.0803777583021316,0.0021639628724174,-0.0011547344110858,0.0636689724880763,-0.0140518566225513,0.019373700661271,0.105547272633798
0.099581444018137,-0.2596933756489979,-0.0476221143430499,0.1566543295029521,-0.0491912878177658,0.0803777583021316,0.0021639628724174,-0.0011547344110858,0.0636689724880763,-0.0140518566225513,0.019373700661271,0.105547272633798,0.0516958085317458
-0.2596933756489979,-0.0476221143430499,0.1566543295029521,-0.0491912878177658,0.0803777583021316,0.0021639628724174,-0.0011547344110858,0.0636689724880763,-0.0140518566225513,0.019373700661271,0.105547272633798,0.0516958085317458,-0.2485453324747414
-0.0476221143430499,0.1566543295029521,-0.0491912878177658,0.0803777583021316,0.0021639628724174,-0.0011547344110858,0.0636689724880763,-0.0140518566225513,0.019373700661271,0.105547272633798,0.0516958085317458,-0.2485453324747414,0.0126672737543338
0.1566543295029521,-0.0491912878177658,0.0803777583021316,0.0021639628724174,-0.0011547344110858,0.0636689724880763,-0.0140518566225513,0.019373700661271,0.105547272633798,0.0516958085317458,-0.2485453324747414,0.0126672737543338,0.1251687578818801
-0.0491912878177658,0.0803777583021316,0.0021639628724174,-0.0011547344110858,0.0636689724880763,-0.0140518566225513,0.019373700661271,0.105547272633798,0.0516958085317458,-0.2485453324747414,0.0126672737543338,0.1251687578818801,-0.0147019542059771
0.0803777583021316,0.0021639628724174,-0.0011547344110858,0.0636689724880763,-0.0140518566225513,0.019373700661271,0.105547272633798,0.0516958085317458,-0.2485453324747414,0.0126672737543338,0.1251687578818801,-0.0147019542059771,0.0572042031295747
0.0021639628724174,-0.0011547344110858,0.0636689724880763,-0.0140518566225513,0.019373700661271,0.105547272633798,0.0516958085317458,-0.2485453324747414,0.0126672737543338,0.1251687578818801,-0.0147019542059771,0.0572042031295747,-0.0215065638299497
-0.0011547344110858,0.0636689724880763,-0.0140518566225513,0.019373700661271,0.105547272633798,0.0516958085317458,-0.2485453324747414,0.0126672737543338,0.1251687578818801,-0.0147019542059771,0.0572042031295747,-0.0215065638299497,0.0373901954122448
0.0636689724880763,-0.0140518566225513,0.019373700661271,0.105547272633798,0.0516958085317458,-0.2485453324747414,0.0126672737543338,0.1251687578818801,-0.0147019542059771,0.0572042031295747,-0.0215065638299497,0.0373901954122448,0.0407651171433351
-0.0140518566225513,0.019373700661271,0.105547272633798,0.0516958085317458,-0.2485453324747414,0.0126672737543338,0.1251687578818801,-0.0147019542059771,0.0572042031295747,-0.0215065638299497,0.0373901954122448,0.0407651171433351,-0.0485719639569354
0.019373700661271,0.105547272633798,0.0516958085317458,-0.2485453324747414,0.0126672737543338,0.1251687578818801,-0.0147019542059771,0.0572042031295747,-0.0215065638299497,0.0373901954122448,0.0407651171433351,-0.0485719639569354,0.0715541867614757
0.105547272633798,0.0516958085317458,-0.2485453324747414,0.0126672737543338,0.1251687578818801,-0.0147019542059771,0.0572042031295747,-0.0215065638299497,0.0373901954122448,0.0407651171433351,-0.0485719639569354,0.0715541867614757,0.0782539778276514
0.0516958085317458,-0.2485453324747414,0.0126672737543338,0.1251687578818801,-0.0147019542059771,0.0572042031295747,-0.0215065638299497,0.0373901954122448,0.0407651171433351,-0.0485719639569354,0.0715541867614757,0.0782539778276514,0.0480933852140077
-0.2485453324747414,0.0126672737543338,0.1251687578818801,-0.0147019542059771,0.0572042031295747,-0.0215065638299497,0.0373901954122448,0.0407651171433351,-0.0485719639569354,0.0715541867614757,0.0782539778276514,0.0480933852140077,-0.2088293169629866
0.0126672737543338,0.1251687578818801,-0.0147019542059771,0.0572042031295747,-0.0215065638299497,0.0373901954122448,0.0407651171433351,-0.0485719639569354,0.0715541867614757,0.0782539778276514,0.0480933852140077,-0.2088293169629866,-0.0336889590654262
0.1251687578818801,-0.0147019542059771,0.0572042031295747,-0.0215065638299497,0.0373901954122448,0.0407651171433351,-0.0485719639569354,0.0715541867614757,0.0782539778276514,0.0480933852140077,-0.2088293169629866,-0.0336889590654262,0.1198833675274972
-0.0147019542059771,0.0572042031295747,-0.0215065638299497,0.0373901954122448,0.0407651171433351,-0.0485719639569354,0.0715541867614757,0.0782539778276514,0.0480933852140077,-0.2088293169629866,-0.0336889590654262,0.1198833675274972,-0.0066338582677167
0.0572042031295747,-0.0215065638299497,0.0373901954122448,0.0407651171433351,-0.0485719639569354,0.0715541867614757,0.0782539778276514,0.0480933852140077,-0.2088293169629866,-0.0336889590654262,0.1198833675274972,-0.0066338582677167,0.0593030757408619
-0.0215065638299497,0.0373901954122448,0.0407651171433351,-0.0485719639569354,0.0715541867614757,0.0782539778276514,0.0480933852140077,-0.2088293169629866,-0.0336889590654262,0.1198833675274972,-0.0066338582677167,0.0593030757408619,-0.0329032083733022
0.0373901954122448,0.0407651171433351,-0.0485719639569354,0.0715541867614757,0.0782539778276514,0.0480933852140077,-0.2088293169629866,-0.0336889590654262,0.1198833675274972,-0.0066338582677167,0.0593030757408619,-0.0329032083733022,0.0395382688466876
0.0407651171433351,-0.0485719639569354,0.0715541867614757,0.0782539778276514,0.0480933852140077,-0.2088293169629866,-0.0336889590654262,0.1198833675274972,-0.0066338582677167,0.0593030757408619,-0.0329032083733022,0.0395382688466876,0.0410994760338601
-0.0485719639569354,0.0715541867614757,0.0782539778276514,0.0480933852140077,-0.2088293169629866,-0.0336889590654262,0.1198833675274972,-0.0066338582677167,0.0593030757408619,-0.0329032083733022,0.0395382688466876,0.0410994760338601,-0.0245634354175157
0.0715541867614757,0.0782539778276514,0.0480933852140077,-0.2088293169629866,-0.0336889590654262,0.1198833675274972,-0.0066338582677167,0.0593030757408619,-0.0329032083733022,0.0395382688466876,0.0410994760338601,-0.0245634354175157,0.047719719432774
0.0782539778276514,0.0480933852140077,-0.2088293169629866,-0.0336889590654262,0.1198833675274972,-0.0066338582677167,0.0593030757408619,-0.0329032083733022,0.0395382688466876,0.0410994760338601,-0.0245634354175157,0.047719719432774,0.0640294923274709
0.0480933852140077,-0.2088293169629866,-0.0336889590654262,0.1198833675274972,-0.0066338582677167,0.0593030757408619,-0.0329032083733022,0.0395382688466876,0.0410994760338601,-0.0245634354175157,0.047719719432774,0.0640294923274709,0.1126154256360996
-0.2088293169629866,-0.0336889590654262,0.1198833675274972,-0.0066338582677167,0.0593030757408619,-0.0329032083733022,0.0395382688466876,0.0410994760338601,-0.0245634354175157,0.047719719432774,0.0640294923274709,0.1126154256360996,-0.2278490507937803
-0.0336889590654262,0.1198833675274972,-0.0066338582677167,0.0593030757408619,-0.0329032083733022,0.0395382688466876,0.0410994760338601,-0.0245634354175157,0.047719719432774,0.0640294923274709,0.1126154256360996,-0.2278490507937803,-0.0396151206927634
0.1198833675274972,-0.0066338582677167,0.0593030757408619,-0.0329032083733022,0.0395382688466876,0.0410994760338601,-0.0245634354175157,0.047719719432774,0.0640294923274709,0.1126154256360996,-0.2278490507937803,-0.0396151206927634,0.1061491057799008
-0.0066338582677167,0.0593030757408619,-0.0329032083733022,0.0395382688466876,0.0410994760338601,-0.0245634354175157,0.047719719432774,0.0640294923274709,0.1126154256360996,-0.2278490507937803,-0.0396151206927634,0.1061491057799008,-0.0183109876331244
0.0593030757408619,-0.0329032083733022,0.0395382688466876,0.0410994760338601,-0.0245634354175157,0.047719719432774,0.0640294923274709,0.1126154256360996,-0.2278490507937803,-0.0396151206927634,0.1061491057799008,-0.0183109876331244,0.0328738502305907
-0.0329032083733022,0.0395382688466876,0.0410994760338601,-0.0245634354175157,0.047719719432774,0.0640294923274709,0.1126154256360996,-0.2278490507937803,-0.0396151206927634,0.1061491057799008,-0.0183109876331244,0.0328738502305907,0.0148998944179665
0.0395382688466876,0.0410994760338601,-0.0245634354175157,0.047719719432774,0.0640294923274709,0.1126154256360996,-0.2278490507937803,-0.0396151206927634,0.1061491057799008,-0.0183109876331244,0.0328738502305907,0.0148998944179665,0.0259799908607429
0.0410994760338601,-0.0245634354175157,0.047719719432774,0.0640294923274709,0.1126154256360996,-0.2278490507937803,-0.0396151206927634,0.1061491057799008,-0.0183109876331244,0.0328738502305907,0.0148998944179665,0.0259799908607429,0.0067998975030776
-0.0245634354175157,0.047719719432774,0.0640294923274709,0.1126154256360996,-0.2278490507937803,-0.0396151206927634,0.1061491057799008,-0.0183109876331244,0.0328738502305907,0.0148998944179665,0.0259799908607429,0.0067998975030776,-0.0254157745267719
0.047719719432774,0.0640294923274709,0.1126154256360996,-0.2278490507937803,-0.0396151206927634,0.1061491057799008,-0.0183109876331244,0.0328738502305907,0.0148998944179665,0.0259799908607429,0.0067998975030776,-0.0254157745267719,0.0600986416777507
0.0640294923274709,0.1126154256360996,-0.2278490507937803,-0.0396151206927634,0.1061491057799008,-0.0183109876331244,0.0328738502305907,0.0148998944179665,0.0259799908607429,0.0067998975030776,-0.0254157745267719,0.0600986416777507,0.0736590467652771
0.1126154256360996,-0.2278490507937803,-0.0396151206927634,0.1061491057799008,-0.0183109876331244,0.0328738502305907,0.0148998944179665,0.0259799908607429,0.0067998975030776,-0.0254157745267719,0.0600986416777507,0.0736590467652771,0.126226300462281
-0.2278490507937803,-0.0396151206927634,0.1061491057799008,-0.0183109876331244,0.0328738502305907,0.0148998944179665,0.0259799908607429,0.0067998975030776,-0.0254157745267719,0.0600986416777507,0.0736590467652771,0.126226300462281,-0.266923596558389
-0.0396151206927634,0.1061491057799008,-0.0183109876331244,0.0328738502305907,0.0148998944179665,0.0259799908607429,0.0067998975030776,-0.0254157745267719,0.0600986416777507,0.0736590467652771,0.126226300462281,-0.266923596558389,0.0137282748360045
0.1061491057799008,-0.0183109876331244,0.0328738502305907,0.0148998944179665,0.0259799908607429,0.0067998975030776,-0.0254157745267719,0.0600986416777507,0.0736590467652771,0.126226300462281,-0.266923596558389,0.0137282748360045,0.1358636253956537
-0.0183109876331244,0.0328738502305907,0.0148998944179665,0.0259799908607429,0.0067998975030776,-0.0254157745267719,0.0600986416777507,0.0736590467652771,0.126226300462281,-0.266923596558389,0.0137282748360045,0.1358636253956537,-0.0385663408756192
0.0328738502305907,0.0148998944179665,0.0259799908607429,0.0067998975030776,-0.0254157745267719,0.0600986416777507,0.0736590467652771,0.126226300462281,-0.266923596558389,0.0137282748360045,0.1358636253956537,-0.0385663408756192,0.0313223268014195
0.0148998944179665,0.0259799908607429,0.0067998975030776,-0.0254157745267719,0.0600986416777507,0.0736590467652771,0.126226300462281,-0.266923596558389,0.0137282748360045,0.1358636253956537,-0.0385663408756192,0.0313223268014195,0.0252842609216039
0.0259799908607429,0.0067998975030776,-0.0254157745267719,0.0600986416777507,0.0736590467652771,0.126226300462281,-0.266923596558389,0.0137282748360045,0.1358636253956537,-0.0385663408756192,0.0313223268014195,0.0252842609216039,0.0188153562793564
0.0067998975030776,-0.0254157745267719,0.0600986416777507,0.0736590467652771,0.126226300462281,-0.266923596558389,0.0137282748360045,0.1358636253956537,-0.0385663408756192,0.0313223268014195,0.0252842609216039,0.0188153562793564,0.0425761421483841
-0.0254157745267719,0.0600986416777507,0.0736590467652771,0.126226300462281,-0.266923596558389,0.0137282748360045,0.1358636253956537,-0.0385663408756192,0.0313223268014195,0.0252842609216039,0.0188153562793564,0.0425761421483841,-0.0092295115572437
0.0600986416777507,0.0736590467652771,0.126226300462281,-0.266923596558389,0.0137282748360045,0.1358636253956537,-0.0385663408756192,0.0313223268014195,0.0252842609216039,0.0188153562793564,0.0425761421483841,-0.0092295115572437,0.0298519628234741
0.0736590467652771,0.126226300462281,-0.266923596558389,0.0137282748360045,0.1358636253956537,-0.0385663408756192,0.0313223268014195,0.0252842609216039,0.0188153562793564,0.0425761421483841,-0.0092295115572437,0.0298519628234741,0.0915328804674067
0.126226300462281,-0.266923596558389,0.0137282748360045,0.1358636253956537,-0.0385663408756192,0.0313223268014195,0.0252842609216039,0.0188153562793564,0.0425761421483841,-0.0092295115572437,0.0298519628234741,0.0915328804674067,0.1095428428678493
-0.266923596558389,0.0137282748360045,0.1358636253956537,-0.0385663408756192,0.0313223268014195,0.0252842609216039,0.0188153562793564,0.0425761421483841,-0.0092295115572437,0.0298519628234741,0.0915328804674067,0.1095428428678493,-0.2505098799077384
0.0137282748360045,0.1358636253956537,-0.0385663408756192,0.0313223268014195,0.0252842609216039,0.0188153562793564,0.0425761421483841,-0.0092295115572437,0.0298519628234741,0.0915328804674067,0.1095428428678493,-0.2505098799077384,0.0591147978963573
0.1358636253956537,-0.0385663408756192,0.0313223268014195,0.0252842609216039,0.0188153562793564,0.0425761421483841,-0.0092295115572437,0.0298519628234741,0.0915328804674067,0.1095428428678493,-0.2505098799077384,0.0591147978963573,0.0995626477481606
-0.0385663408756192,0.0313223268014195,0.0252842609216039,0.0188153562793564,0.0425761421483841,-0.0092295115572437,0.0298519628234741,0.0915328804674067,0.1095428428678493,-0.2505098799077384,0.0591147978963573,0.0995626477481606,-0.0634784759807444
0.0313223268014195,0.0252842609216039,0.0188153562793564,0.0425761421483841,-0.0092295115572437,0.0298519628234741,0.0915328804674067,0.1095428428678493,-0.2505098799077384,0.0591147978963573,0.0995626477481606,-0.0634784759807444,0.0714766169945653
0.0252842609216039,0.0188153562793564,0.0425761421483841,-0.0092295115572437,0.0298519628234741,0.0915328804674067,0.1095428428678493,-0.2505098799077384,0.0591147978963573,0.0995626477481606,-0.0634784759807444,0.0714766169945653,-0.0142383262594961
0.0188153562793564,0.0425761421483841,-0.0092295115572437,0.0298519628234741,0.0915328804674067,0.1095428428678493,-0.2505098799077384,0.0591147978963573,0.0995626477481606,-0.0634784759807444,0.0714766169945653,-0.0142383262594961,0.005131555175142
0.0425761421483841,-0.0092295115572437,0.0298519628234741,0.0915328804674067,0.1095428428678493,-0.2505098799077384,0.0591147978963573,0.0995626477481606,-0.0634784759807444,0.0714766169945653,-0.0142383262594961,0.005131555175142,0.0620671283963771
-0.0092295115572437,0.0298519628234741,0.0915328804674067,0.1095428428678493,-0.2505098799077384,0.0591147978963573,0.0995626477481606,-0.0634784759807444,0.0714766169945653,-0.0142383262594961,0.005131555175142,0.0620671283963771,-0.0501323311177998
0.0298519628234741,0.0915328804674067,0.1095428428678493,-0.2505098799077384,0.0591147978963573,0.0995626477481606,-0.0634784759807444,0.0714766169945653,-0.0142383262594961,0.005131555175142,0.0620671283963771,-0.0501323311177998,0.0192756199336889
0.0915328804674067,0.1095428428678493,-0.2505098799077384,0.0591147978963573,0.0995626477481606,-0.0634784759807444,0.0714766169945653,-0.0142383262594961,0.005131555175142,0.0620671283963771,-0.0501323311177998,0.0192756199336889,0.0891869768780668
0.1095428428678493,-0.2505098799077384,0.0591147978963573,0.0995626477481606,-0.0634784759807444,0.0714766169945653,-0.0142383262594961,0.005131555175142,0.0620671283963771,-0.0501323311177998,0.0192756199336889,0.0891869768780668,0.0340330945096709
-0.2505098799077384,0.0591147978963573,0.0995626477481606,-0.0634784759807444,0.0714766169945653,-0.0142383262594961,0.005131555175142,0.0620671283963771,-0.0501323311177998,0.0192756199336889,0.0891869768780668,0.0340330945096709,-0.1783938661821377
0.0591147978963573,0.0995626477481606,-0.0634784759807444,0.0714766169945653,-0.0142383262594961,0.005131555175142,0.0620671283963771,-0.0501323311177998,0.0192756199336889,0.0891869768780668,0.0340330945096709,-0.1783938661821377,-0.0320322733513981
0.0995626477481606,-0.0634784759807444,0.0714766169945653,-0.0142383262594961,0.005131555175142,0.0620671283963771,-0.0501323311177998,0.0192756199336889,0.0891869768780668,0.0340330945096709,-0.1783938661821377,-0.0320322733513981,0.1165556376257141
-0.0634784759807444,0.0714766169945653,-0.0142383262594961,0.005131555175142,0.0620671283963771,-0.0501323311177998,0.0192756199336889,0.0891869768780668,0.0340330945096709,-0.1783938661821377,-0.0320322733513981,0.1165556376257141,-0.079824228458632
0.0714766169945653,-0.0142383262594961,0.005131555175142,0.0620671283963771,-0.0501323311177998,0.0192756199336889,0.0891869768780668,0.0340330945096709,-0.1783938661821377,-0.0320322733513981,0.1165556376257141,-0.079824228458632,0.0929608222297881
-0.0142383262594961,0.005131555175142,0.0620671283963771,-0.0501323311177998,0.0192756199336889,0.0891869768780668,0.0340330945096709,-0.1783938661821377,-0.0320322733513981,0.1165556376257141,-0.079824228458632,0.0929608222297881,-0.0062711435060942
0.005131555175142,0.0620671283963771,-0.0501323311177998,0.0192756199336889,0.0891869768780668,0.0340330945096709,-0.1783938661821377,-0.0320322733513981,0.1165556376257141,-0.079824228458632,0.0929608222297881,-0.0062711435060942,-0.0074681377953168
0.0620671283963771,-0.0501323311177998,0.0192756199336889,0.0891869768780668,0.0340330945096709,-0.1783938661821377,-0.0320322733513981,0.1165556376257141,-0.079824228458632,0.0929608222297881,-0.0062711435060942,-0.0074681377953168,0.0690718884120173
-0.0501323311177998,0.0192756199336889,0.0891869768780668,0.0340330945096709,-0.1783938661821377,-0.0320322733513981,0.1165556376257141,-0.079824228458632,0.0929608222297881,-0.0062711435060942,-0.0074681377953168,0.0690718884120173,-0.1080289994893463
0.0192756199336889,0.0891869768780668,0.0340330945096709,-0.1783938661821377,-0.0320322733513981,0.1165556376257141,-0.079824228458632,0.0929608222297881,-0.0062711435060942,-0.0074681377953168,0.0690718884120173,-0.1080289994893463,0.070558778023013
0.0891869768780668,0.0340330945096709,-0.1783938661821377,-0.0320322733513981,0.1165556376257141,-0.079824228458632,0.0929608222297881,-0.0062711435060942,-0.0074681377953168,0.0690718884120173,-0.1080289994893463,0.070558778023013,0.1223949673036539
0.0340330945096709,-0.1783938661821377,-0.0320322733513981,0.1165556376257141,-0.079824228458632,0.0929608222297881,-0.0062711435060942,-0.0074681377953168,0.0690718884120173,-0.1080289994893463,0.070558778023013,0.1223949673036539,0.0984794270065347
-0.1783938661821377,-0.0320322733513981,0.1165556376257141,-0.079824228458632,0.0929608222297881,-0.0062711435060942,-0.0074681377953168,0.0690718884120173,-0.1080289994893463,0.070558778023013,0.1223949673036539,0.0984794270065347,-0.2399296317354533
-0.0320322733513981,0.1165556376257141,-0.079824228458632,0.0929608222297881,-0.0062711435060942,-0.0074681377953168,0.0690718884120173,-0.1080289994893463,0.070558778023013,0.1223949673036539,0.0984794270065347,-0.2399296317354533,-0.004192520914227
0.1165556376257141,-0.079824228458632,0.0929608222297881,-0.0062711435060942,-0.0074681377953168,0.0690718884120173,-0.1080289994893463,0.070558778023013,0.1223949673036539,0.0984794270065347,-0.2399296317354533,-0.004192520914227,0.1029107541221709
-0.079824228458632,0.0929608222297881,-0.0062711435060942,-0.0074681377953168,0.0690718884120173,-0.1080289994893463,0.070558778023013,0.1223949673036539,0.0984794270065347,-0.2399296317354533,-0.004192520914227,0.1029107541221709,-0.0470336583035102
0.0929608222297881,-0.0062711435060942,-0.0074681377953168,0.0690718884120173,-0.1080289994893463,0.070558778023013,0.1223949673036539,0.0984794270065347,-0.2399296317354533,-0.004192520914227,0.1029107541221709,-0.0470336583035102,0.0842605156037994
-0.0062711435060942,-0.0074681377953168,0.0690718884120173,-0.1080289994893463,0.070558778023013,0.1223949673036539,0.0984794270065347,-0.2399296317354533,-0.004192520914227,0.1029107541221709,-0.0470336583035102,0.0842605156037994,-0.0606717039427977
-0.0074681377953168,0.0690718884120173,-0.1080289994893463,0.070558778023013,0.1223949673036539,0.0984794270065347,-0.2399296317354533,-0.004192520914227,0.1029107541221709,-0.0470336583035102,0.0842605156037994,-0.0606717039427977,0.0236640990603358
0.0690718884120173,-0.1080289994893463,0.070558778023013,0.1223949673036539,0.0984794270065347,-0.2399296317354533,-0.004192520914227,0.1029107541221709,-0.0470336583035102,0.0842605156037994,-0.0606717039427977,0.0236640990603358,0.0731762239593565
-0.1080289994893463,0.070558778023013,0.1223949673036539,0.0984794270065347,-0.2399296317354533,-0.004192520914227,0.1029107541221709,-0.0470336583035102,0.0842605156037994,-0.0606717039427977,0.0236640990603358,0.0731762239593565,-0.08977714467436
0.070558778023013,0.1223949673036539,0.0984794270065347,-0.2399296317354533,-0.004192520914227,0.1029107541221709,-0.0470336583035102,0.0842605156037994,-0.0606717039427977,0.0236640990603358,0.0731762239593565,-0.08977714467436,0.0557974740948001
0.1223949673036539,0.0984794270065347,-0.2399296317354533,-0.004192520914227,0.1029107541221709,-0.0470336583035102,0.0842605156037994,-0.0606717039427977,0.0236640990603358,0.0731762239593565,-0.08977714467436,0.0557974740948001,0.1246977987021249
0.0984794270065347,-0.2399296317354533,-0.004192520914227,0.1029107541221709,-0.0470336583035102,0.0842605156037994,-0.0606717039427977,0.0236640990603358,0.0731762239593565,-0.08977714467436,0.0557974740948001,0.1246977987021249,0.0755717262917494
-0.2399296317354533,-0.004192520914227,0.1029107541221709,-0.0470336583035102,0.0842605156037994,-0.0606717039427977,0.0236640990603358,0.0731762239593565,-0.08977714467436,0.0557974740948001,0.1246977987021249,0.0755717262917494,-0.2420448601288732
-0.004192520914227,0.1029107541221709,-0.0470336583035102,0.0842605156037994,-0.0606717039427977,0.0236640990603358,0.0731762239593565,-0.08977714467436,0.0557974740948001,0.1246977987021249,0.0755717262917494,-0.2420448601288732,-0.0591483003590721
0.1029107541221709,-0.0470336583035102,0.0842605156037994,-0.0606717039427977,0.0236640990603358,0.0731762239593565,-0.08977714467436,0.0557974740948001,0.1246977987021249,0.0755717262917494,-0.2420448601288732,-0.0591483003590721,0.1416306044915742
-0.0470336583035102,0.0842605156037994,-0.0606717039427977,0.0236640990603358,0.0731762239593565,-0.08977714467436,0.0557974740948001,0.1246977987021249,0.0755717262917494,-0.2420448601288732,-0.0591483003590721,0.1416306044915742,-0.0341314031656549
0.0842605156037994,-0.0606717039427977,0.0236640990603358,0.0731762239593565,-0.08977714467436,0.0557974740948001,0.1246977987021249,0.0755717262917494,-0.2420448601288732,-0.0591483003590721,0.1416306044915742,-0.0341314031656549,0.0936825354383086
-0.0606717039427977,0.0236640990603358,0.0731762239593565,-0.08977714467436,0.0557974740948001,0.1246977987021249,0.0755717262917494,-0.2420448601288732,-0.0591483003590721,0.1416306044915742,-0.0341314031656549,0.0936825354383086,-0.0391866630057214
0.0236640990603358,0.0731762239593565,-0.08977714467436,0.0557974740948001,0.1246977987021249,0.0755717262917494,-0.2420448601288732,-0.0591483003590721,0.1416306044915742,-0.0341314031656549,0.0936825354383086,-0.0391866630057214,0.0425371364841582
0.0731762239593565,-0.08977714467436,0.0557974740948001,0.1246977987021249,0.0755717262917494,-0.2420448601288732,-0.0591483003590721,0.1416306044915742,-0.0341314031656549,0.0936825354383086,-0.0391866630057214,0.0425371364841582,0.0423474109727004
-0.08977714467436,0.0557974740948001,0.1246977987021249,0.0755717262917494,-0.2420448601288732,-0.0591483003590721,0.1416306044915742,-0.0341314031656549,0.0936825354383086,-0.0391866630057214,0.0425371364841582,0.0423474109727004,-0.0406658609909605
0.0557974740948001,0.1246977987021249,0.0755717262917494,-0.2420448601288732,-0.0591483003590721,0.1416306044915742,-0.0341314031656549,0.0936825354383086,-0.0391866630057214,0.0425371364841582,0.0423474109727004,-0.0406658609909605,0.0405365649829965
0.1246977987021249,0.0755717262917494,-0.2420448601288732,-0.0591483003590721,0.1416306044915742,-0.0341314031656549,0.0936825354383086,-0.0391866630057214,0.0425371364841582,0.0423474109727004,-0.0406658609909605,0.0405365649829965,0.076952104781107
0.0755717262917494,-0.2420448601288732,-0.0591483003590721,0.1416306044915742,-0.0341314031656549,0.0936825354383086,-0.0391866630057214,0.0425371364841582,0.0423474109727004,-0.0406658609909605,0.0405365649829965,0.076952104781107,0.1260789471944401
-0.2420448601288732,-0.0591483003590721,0.1416306044915742,-0.0341314031656549,0.0936825354383086,-0.0391866630057214,0.0425371364841582,0.0423474109727004,-0.0406658609909605,0.0405365649829965,0.076952104781107,0.1260789471944401,-0.2437180353607063
-0.0591483003590721,0.1416306044915742,-0.0341314031656549,0.0936825354383086,-0.0391866630057214,0.0425371364841582,0.0423474109727004,-0.0406658609909605,0.0405365649829965,0.076952104781107,0.1260789471944401,-0.2437180353607063,0.0004060791330655
0.1416306044915742,-0.0341314031656549,0.0936825354383086,-0.0391866630057214,0.0425371364841582,0.0423474109727004,-0.0406658609909605,0.0405365649829965,0.076952104781107,0.1260789471944401,-0.2437180353607063,0.0004060791330655,0.1235745910910774
-0.0341314031656549,0.0936825354383086,-0.0391866630057214,0.0425371364841582,0.0423474109727004,-0.0406658609909605,0.0405365649829965,0.076952104781107,0.1260789471944401,-0.2437180353607063,0.0004060791330655,0.1235745910910774,-0.0567614019001295
0.0936825354383086,-0.0391866630057214,0.0425371364841582,0.0423474109727004,-0.0406658609909605,0.0405365649829965,0.076952104781107,0.1260789471944401,-0.2437180353607063,0.0004060791330655,0.1235745910910774,-0.0567614019001295,0.0210816956309889
-0.0391866630057214,0.0425371364841582,0.0423474109727004,-0.0406658609909605,0.0405365649829965,0.076952104781107,0.1260789471944401,-0.2437180353607063,0.0004060791330655,0.1235745910910774,-0.0567614019001295,0.0210816956309889,0.0441061391184443
0.0425371364841582,0.0423474109727004,-0.0406658609909605,0.0405365649829965,0.076952104781107,0.1260789471944401,-0.2437180353607063,0.0004060791330655,0.1235745910910774,-0.0567614019001295,0.0210816956309889,0.0441061391184443,0.0518693654136759
0.0423474109727004,-0.0406658609909605,0.0405365649829965,0.076952104781107,0.1260789471944401,-0.2437180353607063,0.0004060791330655,0.1235745910910774,-0.0567614019001295,0.0210816956309889,0.0441061391184443,0.0518693654136759,-0.0008218016956001
-0.0406658609909605,0.0405365649829965,0.076952104781107,0.1260789471944401,-0.2437180353607063,0.0004060791330655,0.1235745910910774,-0.0567614019001295,0.0210816956309889,0.0441061391184443,0.0518693654136759,-0.0008218016956001,-0.0477521767141708
0.0405365649829965,0.076952104781107,0.1260789471944401,-0.2437180353607063,0.0004060791330655,0.1235745910910774,-0.0567614019001295,0.0210816956309889,0.0441061391184443,0.0518693654136759,-0.0008218016956001,-0.0477521767141708,0.0382547533263601
0.076952104781107,0.1260789471944401,-0.2437180353607063,0.0004060791330655,0.1235745910910774,-0.0567614019001295,0.0210816956309889,0.0441061391184443,0.0518693654136759,-0.0008218016956001,-0.0477521767141708,0.0382547533263601,0.1010582321506017
0.1260789471944401,-0.2437180353607063,0.0004060791330655,0.1235745910910774,-0.0567614019001295,0.0210816956309889,0.0441061391184443,0.0518693654136759,-0.0008218016956001,-0.0477521767141708,0.0382547533263601,0.1010582321506017,0.1337283773562663
-0.2437180353607063,0.0004060791330655,0.1235745910910774,-0.0567614019001295,0.0210816956309889,0.0441061391184443,0.0518693654136759,-0.0008218016956001,-0.0477521767141708,0.0382547533263601,0.1010582321506017,0.1337283773562663,-0.2741025762102823
0.0004060791330655,0.1235745910910774,-0.0567614019001295,0.0210816956309889,0.0441061391184443,0.0518693654136759,-0.0008218016956001,-0.0477521767141708,0.0382547533263601,0.1010582321506017,0.1337283773562663,-0.2741025762102823,0.0140351589158913
0.1235745910910774,-0.0567614019001295,0.0210816956309889,0.0441061391184443,0.0518693654136759,-0.0008218016956001,-0.0477521767141708,0.0382547533263601,0.1010582321506017,0.1337283773562663,-0.2741025762102823,0.0140351589158913,0.1107136612134778
-0.0567614019001295,0.0210816956309889,0.0441061391184443,0.0518693654136759,-0.0008218016956001,-0.0477521767141708,0.0382547533263601,0.1010582321506017,0.1337283773562663,-0.2741025762102823,0.0140351589158913,0.1107136612134778,-0.0355509782563964
0.0210816956309889,0.0441061391184443,0.0518693654136759,-0.0008218016956001,-0.0477521767141708,0.0382547533263601,0.1010582321506017,0.1337283773562663,-0.2741025762102823,0.0140351589158913,0.1107136612134778,-0.0355509782563964,0.0263852455353708
0.0441061391184443,0.0518693654136759,-0.0008218016956001,-0.0477521767141708,0.0382547533263601,0.1010582321506017,0.1337283773562663,-0.2741025762102823,0.0140351589158913,0.1107136612134778,-0.0355509782563964,0.0263852455353708,0.037184893041704
0.0518693654136759,-0.0008218016956001,-0.0477521767141708,0.0382547533263601,0.1010582321506017,0.1337283773562663,-0.2741025762102823,0.0140351589158913,0.1107136612134778,-0.0355509782563964,0.0263852455353708,0.037184893041704,0.0036188124574583
-0.0008218016956001,-0.0477521767141708,0.0382547533263601,0.1010582321506017,0.1337283773562663,-0.2741025762102823,0.0140351589158913,0.1107136612134778,-0.0355509782563964,0.0263852455353708,0.037184893041704,0.0036188124574583,0.0780580343547454
-0.0477521767141708,0.0382547533263601,0.1010582321506017,0.1337283773562663,-0.2741025762102823,0.0140351589158913,0.1107136612134778,-0.0355509782563964,0.0263852455353708,0.037184893041704,0.0036188124574583,0.0780580343547454,-0.0289768767978713
0.0382547533263601,0.1010582321506017,0.1337283773562663,-0.2741025762102823,0.0140351589158913,0.1107136612134778,-0.0355509782563964,0.0263852455353708,0.037184893041704,0.0036188124574583,0.0780580343547454,-0.0289768767978713,-0.0095128060026827
0.1010582321506017,0.1337283773562663,-0.2741025762102823,0.0140351589158913,0.1107136612134778,-0.0355509782563964,0.0263852455353708,0.037184893041704,0.0036188124574583,0.0780580343547454,-0.0289768767978713,-0.0095128060026827,0.1141399847468911
0.1337283773562663,-0.2741025762102823,0.0140351589158913,0.1107136612134778,-0.0355509782563964,0.0263852455353708,0.037184893041704,0.0036188124574583,0.0780580343547454,-0.0289768767978713,-0.0095128060026827,0.1141399847468911,0.099615242171104
-0.2741025762102823,0.0140351589158913,0.1107136612134778,-0.0355509782563964,0.0263852455353708,0.037184893041704,0.0036188124574583,0.0780580343547454,-0.0289768767978713,-0.0095128060026827,0.1141399847468911,0.099615242171104,-0.2333795989438162
0.0140351589158913,0.1107136612134778,-0.0355509782563964,0.0263852455353708,0.037184893041704,0.0036188124574583,0.0780580343547454,-0.0289768767978713,-0.0095128060026827,0.1141399847468911,0.099615242171104,-0.2333795989438162,-0.0140710876657521
0.1107136612134778,-0.0355509782563964,0.0263852455353708,0.037184893041704,0.0036188124574583,0.0780580343547454,-0.0289768767978713,-0.0095128060026827,0.1141399847468911,0.099615242171104,-0.2333795989438162,-0.0140710876657521,0.1190853352752447
-0.0355509782563964,0.0263852455353708,0.037184893041704,0.0036188124574583,0.0780580343547454,-0.0289768767978713,-0.0095128060026827,0.1141399847468911,0.099615242171104,-0.2333795989438162,-0.0140710876657521,0.1190853352752447,-0.083213047301445
0.0263852455353708,0.037184893041704,0.0036188124574583,0.0780580343547454,-0.0289768767978713,-0.0095128060026827,0.1141399847468911,0.099615242171104,-0.2333795989438162,-0.0140710876657521,0.1190853352752447,-0.083213047301445,0.0816622526005868
0.037184893041704,0.0036188124574583,0.0780580343547454,-0.0289768767978713,-0.0095128060026827,0.1141399847468911,0.099615242171104,-0.2333795989438162,-0.0140710876657521,0.1190853352752447,-0.083213047301445,0.0816622526005868,0.0278706418439287
0.0036188124574583,0.0780580343547454,-0.0289768767978713,-0.0095128060026827,0.1141399847468911,0.099615242171104,-0.2333795989438162,-0.0140710876657521,0.1190853352752447,-0.083213047301445,0.0816622526005868,0.0278706418439287,-0.0185947249585154
0.0780580343547454,-0.0289768767978713,-0.0095128060026827,0.1141399847468911,0.099615242171104,-0.2333795989438162,-0.0140710876657521,0.1190853352752447,-0.083213047301445,0.0816622526005868,0.0278706418439287,-0.0185947249585154,0.077405677578763
-0.0289768767978713,-0.0095128060026827,0.1141399847468911,0.099615242171104,-0.2333795989438162,-0.0140710876657521,0.1190853352752447,-0.083213047301445,0.0816622526005868,0.0278706418439287,-0.0185947249585154,0.077405677578763,-0.0478516513499833
-0.0095128060026827,0.1141399847468911,0.099615242171104,-0.2333795989438162,-0.0140710876657521,0.1190853352752447,-0.083213047301445,0.0816622526005868,0.0278706418439287,-0.0185947249585154,0.077405677578763,-0.0478516513499833,-0.0402436669138619
0.1141399847468911,0.099615242171104,-0.2333795989438162,-0.0140710876657521,0.1190853352752447,-0.083213047301445,0.0816622526005868,0.0278706418439287,-0.0185947249585154,0.077405677578763,-0.0478516513499833,-0.0402436669138619,0.1091571044733377
0.099615242171104,-0.2333795989438162,-0.0140710876657521,0.1190853352752447,-0.083213047301445,0.0816622526005868,0.0278706418439287,-0.0185947249585154,0.077405677578763,-0.0478516513499833,-0.0402436669138619,0.1091571044733377,0.0855765671149555
-0.2333795989438162,-0.0140710876657521,0.1190853352752447,-0.083213047301445,0.0816622526005868,0.0278706418439287,-0.0185947249585154,0.077405677578763,-0.0478516513499833,-0.0402436669138619,0.1091571044733377,0.0855765671149555,-0.2010796900827132
-0.0140710876657521,0.1190853352752447,-0.083213047301445,0.0816622526005868,0.0278706418439287,-0.0185947249585154,0.077405677578763,-0.0478516513499833,-0.0402436669138619,0.1091571044733377,0.0855765671149555,-0.2010796900827132,-0.0379384065034262
0.1190853352752447,-0.083213047301445,0.0816622526005868,0.0278706418439287,-0.0185947249585154,0.077405677578763,-0.0478516513499833,-0.0402436669138619,0.1091571044733377,0.0855765671149555,-0.2010796900827132,-0.0379384065034262,0.1279508638772368
-0.083213047301445,0.0816622526005868,0.0278706418439287,-0.0185947249585154,0.077405677578763,-0.0478516513499833,-0.0402436669138619,0.1091571044733377,0.0855765671149555,-0.2010796900827132,-0.0379384065034262,0.1279508638772368,-0.0856546277793193
0.0816622526005868,0.0278706418439287,-0.0185947249585154,0.077405677578763,-0.0478516513499833,-0.0402436669138619,0.1091571044733377,0.0855765671149555,-0.2010796900827132,-0.0379384065034262,0.1279508638772368,-0.0856546277793193,0.0899826866876905
0.0278706418439287,-0.0185947249585154,0.077405677578763,-0.0478516513499833,-0.0402436669138619,0.1091571044733377,0.0855765671149555,-0.2010796900827132,-0.0379384065034262,0.1279508638772368,-0.0856546277793193,0.0899826866876905,-0.0083344301376377
-0.0185947249585154,0.077405677578763,-0.0478516513499833,-0.0402436669138619,0.1091571044733377,0.0855765671149555,-0.2010796900827132,-0.0379384065034262,0.1279508638772368,-0.0856546277793193,0.0899826866876905,-0.0083344301376377,0.0022528901920695
0.077405677578763,-0.0478516513499833,-0.0402436669138619,0.1091571044733377,0.0855765671149555,-0.2010796900827132,-0.0379384065034262,0.1279508638772368,-0.0856546277793193,0.0899826866876905,-0.0083344301376377,0.0022528901920695,0.0712317692761941
-0.0478516513499833,-0.0402436669138619,0.1091571044733377,0.0855765671149555,-0.2010796900827132,-0.0379384065034262,0.1279508638772368,-0.0856546277793193,0.0899826866876905,-0.0083344301376377,0.0022528901920695,0.0712317692761941,-0.0970420353403654
-0.0402436669138619,0.1091571044733377,0.0855765671149555,-0.2010796900827132,-0.0379384065034262,0.1279508638772368,-0.0856546277793193,0.0899826866876905,-0.0083344301376377,0.0022528901920695,0.0712317692761941,-0.0970420353403654,0.0228925521839875
0.1091571044733377,0.0855765671149555,-0.2010796900827132,-0.0379384065034262,0.1279508638772368,-0.0856546277793193,0.0899826866876905,-0.0083344301376377,0.0022528901920695,0.0712317692761941,-0.0970420353403654,0.0228925521839875,0.1105378160931351
0.0855765671149555,-0.2010796900827132,-0.0379384065034262,0.1279508638772368,-0.0856546277793193,0.0899826866876905,-0.0083344301376377,0.0022528901920695,0.0712317692761941,-0.0970420353403654,0.0228925521839875,0.1105378160931351,0.0467403773830781
-0.2010796900827132,-0.0379384065034262,0.1279508638772368,-0.0856546277793193,0.0899826866876905,-0.0083344301376377,0.0022528901920695,0.0712317692761941,-0.0970420353403654,0.0228925521839875,0.1105378160931351,0.0467403773830781,-0.2177386463482526
-0.0379384065034262,0.1279508638772368,-0.0856546277793193,0.0899826866876905,-0.0083344301376377,0.0022528901920695,0.0712317692761941,-0.0970420353403654,0.0228925521839875,0.1105378160931351,0.0467403773830781,-0.2177386463482526,-0.0043446128694277
0.1279508638772368,-0.0856546277793193,0.0899826866876905,-0.0083344301376377,0.0022528901920695,0.0712317692761941,-0.0970420353403654,0.0228925521839875,0.1105378160931351,0.0467403773830781,-0.2177386463482526,-0.0043446128694277,0.0431451496266814
-0.0856546277793193,0.0899826866876905,-0.0083344301376377,0.0022528901920695,0.0712317692761941,-0.0970420353403654,0.0228925521839875,0.1105378160931351,0.0467403773830781,-0.2177386463482526,-0.0043446128694277,0.0431451496266814,-0.0361897022203725
0.0899826866876905,-0.0083344301376377,0.0022528901920695,0.0712317692761941,-0.0970420353403654,0.0228925521839875,0.1105378160931351,0.0467403773830781,-0.2177386463482526,-0.0043446128694277,0.0431451496266814,-0.0361897022203725,0.0806393453004399
-0.0083344301376377,0.0022528901920695,0.0712317692761941,-0.0970420353403654,0.0228925521839875,0.1105378160931351,0.0467403773830781,-0.2177386463482526,-0.0043446128694277,0.0431451496266814,-0.0361897022203725,0.0806393453004399,-0.0470949576800865
0.0022528901920695,0.0712317692761941,-0.0970420353403654,0.0228925521839875,0.1105378160931351,0.0467403773830781,-0.2177386463482526,-0.0043446128694277,0.0431451496266814,-0.0361897022203725,0.0806393453004399,-0.0470949576800865,0.0520644745020817
0.0712317692761941,-0.0970420353403654,0.0228925521839875,0.1105378160931351,0.0467403773830781,-0.2177386463482526,-0.0043446128694277,0.0431451496266814,-0.0361897022203725,0.0806393453004399,-0.0470949576800865,0.0520644745020817,-0.008564173094021
-0.0970420353403654,0.0228925521839875,0.1105378160931351,0.0467403773830781,-0.2177386463482526,-0.0043446128694277,0.0431451496266814,-0.0361897022203725,0.0806393453004399,-0.0470949576800865,0.0520644745020817,-0.008564173094021,-0.0934976407660999
0.0228925521839875,0.1105378160931351,0.0467403773830781,-0.2177386463482526,-0.0043446128694277,0.0431451496266814,-0.0361897022203725,0.0806393453004399,-0.0470949576800865,0.0520644745020817,-0.008564173094021,-0.0934976407660999,-0.0054587652801812
0.1105378160931351,0.0467403773830781,-0.2177386463482526,-0.0043446128694277,0.0431451496266814,-0.0361897022203725,0.0806393453004399,-0.0470949576800865,0.0520644745020817,-0.008564173094021,-0.0934976407660999,-0.0054587652801812,0.0328655779352276
0.0467403773830781,-0.2177386463482526,-0.0043446128694277,0.0431451496266814,-0.0361897022203725,0.0806393453004399,-0.0470949576800865,0.0520644745020817,-0.008564173094021,-0.0934976407660999,-0.0054587652801812,0.0328655779352276,0.0799587485602491
-0.2177386463482526,-0.0043446128694277,0.0431451496266814,-0.0361897022203725,0.0806393453004399,-0.0470949576800865,0.0520644745020817,-0.008564173094021,-0.0934976407660999,-0.0054587652801812,0.0328655779352276,0.0799587485602491,-0.2297924815523174
-0.0043446128694277,0.0431451496266814,-0.0361897022203725,0.0806393453004399,-0.0470949576800865,0.0520644745020817,-0.008564173094021,-0.0934976407660999,-0.0054587652801812,0.0328655779352276,0.0799587485602491,-0.2297924815523174,-0.0250461230862686
0.0431451496266814,-0.0361897022203725,0.0806393453004399,-0.0470949576800865,0.0520644745020817,-0.008564173094021,-0.0934976407660999,-0.0054587652801812,0.0328655779352276,0.0799587485602491,-0.2297924815523174,-0.0250461230862686,0.05017383385129
-0.0361897022203725,0.0806393453004399,-0.0470949576800865,0.0520644745020817,-0.008564173094021,-0.0934976407660999,-0.0054587652801812,0.0328655779352276,0.0799587485602491,-0.2297924815523174,-0.0250461230862686,0.05017383385129,-0.0409011145823623
0.0806393453004399,-0.0470949576800865,0.0520644745020817,-0.008564173094021,-0.0934976407660999,-0.0054587652801812,0.0328655779352276,0.0799587485602491,-0.2297924815523174,-0.0250461230862686,0.05017383385129,-0.0409011145823623,0.0584361741797143
-0.0470949576800865,0.0520644745020817,-0.008564173094021,-0.0934976407660999,-0.0054587652801812,0.0328655779352276,0.0799587485602491,-0.2297924815523174,-0.0250461230862686,0.05017383385129,-0.0409011145823623,0.0584361741797143,0.0010695776098486
0.0520644745020817,-0.008564173094021,-0.0934976407660999,-0.0054587652801812,0.0328655779352276,0.0799587485602491,-0.2297924815523174,-0.0250461230862686,0.05017383385129,-0.0409011145823623,0.0584361741797143,0.0010695776098486,0.0376471088821193
-0.008564173094021,-0.0934976407660999,-0.0054587652801812,0.0328655779352276,0.0799587485602491,-0.2297924815523174,-0.0250461230862686,0.05017383385129,-0.0409011145823623,0.0584361741797143,0.0010695776098486,0.0376471088821193,-0.0026332272072838
-0.0934976407660999,-0.0054587652801812,0.0328655779352276,0.0799587485602491,-0.2297924815523174,-0.0250461230862686,0.05017383385129,-0.0409011145823623,0.0584361741797143,0.0010695776098486,0.0376471088821193,-0.0026332272072838,-0.0262106824987307
-0.0054587652801812,0.0328655779352276,0.0799587485602491,-0.2297924815523174,-0.0250461230862686,0.05017383385129,-0.0409011145823623,0.0584361741797143,0.0010695776098486,0.0376471088821193,-0.0026332272072838,-0.0262106824987307,-0.0154155113497326
0.0328655779352276,0.0799587485602491,-0.2297924815523174,-0.0250461230862686,0.05017383385129,-0.0409011145823623,0.0584361741797143,0.0010695776098486,0.0376471088821193,-0.0026332272072838,-0.0262106824987307,-0.0154155113497326,0.0769326836560129
0.0799587485602491,-0.2297924815523174,-0.0250461230862686,0.05017383385129,-0.0409011145823623,0.0584361741797143,0.0010695776098486,0.0376471088821193,-0.0026332272072838,-0.0262106824987307,-0.0154155113497326,0.0769326836560129,0.137112430397063
-0.2297924815523174,-0.0250461230862686,0.05017383385129,-0.0409011145823623,0.0584361741797143,0.0010695776098486,0.0376471088821193,-0.0026332272072838,-0.0262106824987307,-0.0154155113497326,0.0769326836560129,0.137112430397063,-0.2446599091944269
-0.0250461230862686,0.05017383385129,-0.0409011145823623,0.0584361741797143,0.0010695776098486,0.0376471088821193,-0.0026332272072838,-0.0262106824987307,-0.0154155113497326,0.0769326836560129,0.137112430397063,-0.2446599091944269,0.0230252804154442
0.05017383385129,-0.0409011145823623,0.0584361741797143,0.0010695776098486,0.0376471088821193,-0.0026332272072838,-0.0262106824987307,-0.0154155113497326,0.0769326836560129,0.137112430397063,-0.2446599091944269,0.0230252804154442,0.1287657371048871
-0.0409011145823623,0.0584361741797143,0.0010695776098486,0.0376471088821193,-0.0026332272072838,-0.0262106824987307,-0.0154155113497326,0.0769326836560129,0.137112430397063,-0.2446599091944269,0.0230252804154442,0.1287657371048871,-0.0729352910790696
0.0584361741797143,0.0010695776098486,0.0376471088821193,-0.0026332272072838,-0.0262106824987307,-0.0154155113497326,0.0769326836560129,0.137112430397063,-0.2446599091944269,0.0230252804154442,0.1287657371048871,-0.0729352910790696,0.0309665133094925
0.0010695776098486,0.0376471088821193,-0.0026332272072838,-0.0262106824987307,-0.0154155113497326,0.0769326836560129,0.137112430397063,-0.2446599091944269,0.0230252804154442,0.1287657371048871,-0.0729352910790696,0.0309665133094925,-0.0052997973771521
0.0376471088821193,-0.0026332272072838,-0.0262106824987307,-0.0154155113497326,0.0769326836560129,0.137112430397063,-0.2446599091944269,0.0230252804154442,0.1287657371048871,-0.0729352910790696,0.0309665133094925,-0.0052997973771521,0.049627439128447
-0.0026332272072838,-0.0262106824987307,-0.0154155113497326,0.0769326836560129,0.137112430397063,-0.2446599091944269,0.0230252804154442,0.1287657371048871,-0.0729352910790696,0.0309665133094925,-0.0052997973771521,0.049627439128447,0.0134088456662613
-0.0262106824987307,-0.0154155113497326,0.0769326836560129,0.137112430397063,-0.2446599091944269,0.0230252804154442,0.1287657371048871,-0.0729352910790696,0.0309665133094925,-0.0052997973771521,0.049627439128447,0.0134088456662613,-0.0306779114632588
-0.0154155113497326,0.0769326836560129,0.137112430397063,-0.2446599091944269,0.0230252804154442,0.1287657371048871,-0.0729352910790696,0.0309665133094925,-0.0052997973771521,0.049627439128447,0.0134088456662613,-0.0306779114632588,-0.042182983234837
0.0769326836560129,0.137112430397063,-0.2446599091944269,0.0230252804154442,0.1287657371048871,-0.0729352910790696,0.0309665133094925,-0.0052997973771521,0.049627439128447,0.0134088456662613,-0.0306779114632588,-0.042182983234837,0.1236875507454355
0.137112430397063,-0.2446599091944269,0.0230252804154442,0.1287657371048871,-0.0729352910790696,0.0309665133094925,-0.0052997973771521,0.049627439128447,0.0134088456662613,-0.0306779114632588,-0.042182983234837,0.1236875507454355,0.1135748118969883
-0.2446599091944269,0.0230252804154442,0.1287657371048871,-0.0729352910790696,0.0309665133094925,-0.0052997973771521,0.049627439128447,0.0134088456662613,-0.0306779114632588,-0.042182983234837,0.1236875507454355,0.1135748118969883,-0.2603464267322548
0.0230252804154442,0.1287657371048871,-0.0729352910790696,0.0309665133094925,-0.0052997973771521,0.049627439128447,0.0134088456662613,-0.0306779114632588,-0.042182983234837,0.1236875507454355,0.1135748118969883,-0.2603464267322548,0.0442015849271508
0.1287657371048871,-0.0729352910790696,0.0309665133094925,-0.0052997973771521,0.049627439128447,0.0134088456662613,-0.0306779114632588,-0.042182983234837,0.1236875507454355,0.1135748118969883,-0.2603464267322548,0.0442015849271508,0.171921327433683
-0.0729352910790696,0.0309665133094925,-0.0052997973771521,0.049627439128447,0.0134088456662613,-0.0306779114632588,-0.042182983234837,0.1236875507454355,0.1135748118969883,-0.2603464267322548,0.0442015849271508,0.171921327433683,-0.0782992953417646
0.0309665133094925,-0.0052997973771521,0.049627439128447,0.0134088456662613,-0.0306779114632588,-0.042182983234837,0.1236875507454355,0.1135748118969883,-0.2603464267322548,0.0442015849271508,0.171921327433683,-0.0782992953417646,0.0323860024388018
-0.0052997973771521,0.049627439128447,0.0134088456662613,-0.0306779114632588,-0.042182983234837,0.1236875507454355,0.1135748118969883,-0.2603464267322548,0.0442015849271508,0.171921327433683,-0.0782992953417646,0.0323860024388018,-0.0076966606141837
0.049627439128447,0.0134088456662613,-0.0306779114632588,-0.042182983234837,0.1236875507454355,0.1135748118969883,-0.2603464267322548,0.0442015849271508,0.171921327433683,-0.0782992953417646,0.0323860024388018,-0.0076966606141837,0.0296087308812691
0.0134088456662613,-0.0306779114632588,-0.042182983234837,0.1236875507454355,0.1135748118969883,-0.2603464267322548,0.0442015849271508,0.171921327433683,-0.0782992953417646,0.0323860024388018,-0.0076966606141837,0.0296087308812691,0.0642441749364273
-0.0306779114632588,-0.042182983234837,0.1236875507454355,0.1135748118969883,-0.2603464267322548,0.0442015849271508,0.171921327433683,-0.0782992953417646,0.0323860024388018,-0.0076966606141837,0.0296087308812691,0.0642441749364273,-0.0291070211110052
-0.042182983234837,0.1236875507454355,0.1135748118969883,-0.2603464267322548,0.0442015849271508,0.171921327433683,-0.0782992953417646,0.0323860024388018,-0.0076966606141837,0.0296087308812691,0.0642441749364273,-0.0291070211110052,-0.0667611691149808
0.1236875507454355,0.1135748118969883,-0.2603464267322548,0.0442015849271508,0.171921327433683,-0.0782992953417646,0.0323860024388018,-0.0076966606141837,0.0296087308812691,0.0642441749364273,-0.0291070211110052,-0.0667611691149808,0.1374063032995931
0.1135748118969883,-0.2603464267322548,0.0442015849271508,0.171921327433683,-0.0782992953417646,0.0323860024388018,-0.0076966606141837,0.0296087308812691,0.0642441749364273,-0.0291070211110052,-0.0667611691149808,0.1374063032995931,0.1356360892234041
-0.2603464267322548,0.0442015849271508,0.171921327433683,-0.0782992953417646,0.0323860024388018,-0.0076966606141837,0.0296087308812691,0.0642441749364273,-0.0291070211110052,-0.0667611691149808,0.1374063032995931,0.1356360892234041,-0.2362153378728004
0.0442015849271508,0.171921327433683,-0.0782992953417646,0.0323860024388018,-0.0076966606141837,0.0296087308812691,0.0642441749364273,-0.0291070211110052,-0.0667611691149808,0.1374063032995931,0.1356360892234041,-0.2362153378728004,0.0487277770738565
0.171921327433683,-0.0782992953417646,0.0323860024388018,-0.0076966606141837,0.0296087308812691,0.0642441749364273,-0.0291070211110052,-0.0667611691149808,0.1374063032995931,0.1356360892234041,-0.2362153378728004,0.0487277770738565,0.0940320887611494
-0.0782992953417646,0.0323860024388018,-0.0076966606141837,0.0296087308812691,0.0642441749364273,-0.0291070211110052,-0.0667611691149808,0.1374063032995931,0.1356360892234041,-0.2362153378728004,0.0487277770738565,0.0940320887611494,-0.1144963367481962
0.0323860024388018,-0.0076966606141837,0.0296087308812691,0.0642441749364273,-0.0291070211110052,-0.0667611691149808,0.1374063032995931,0.1356360892234041,-0.2362153378728004,0.0487277770738565,0.0940320887611494,-0.1144963367481962,0.1167031661857618
-0.0076966606141837,0.0296087308812691,0.0642441749364273,-0.0291070211110052,-0.0667611691149808,0.1374063032995931,0.1356360892234041,-0.2362153378728004,0.0487277770738565,0.0940320887611494,-0.1144963367481962,0.1167031661857618,-0.0411062184320549
0.0296087308812691,0.0642441749364273,-0.0291070211110052,-0.0667611691149808,0.1374063032995931,0.1356360892234041,-0.2362153378728004,0.0487277770738565,0.0940320887611494,-0.1144963367481962,0.1167031661857618,-0.0411062184320549,0.0217800876873619
0.0642441749364273,-0.0291070211110052,-0.0667611691149808,0.1374063032995931,0.1356360892234041,-0.2362153378728004,0.0487277770738565,0.0940320887611494,-0.1144963367481962,0.1167031661857618,-0.0411062184320549,0.0217800876873619,0.0738812654714753
-0.0291070211110052,-0.0667611691149808,0.1374063032995931,0.1356360892234041,-0.2362153378728004,0.0487277770738565,0.0940320887611494,-0.1144963367481962,0.1167031661857618,-0.0411062184320549,0.0217800876873619,0.0738812654714753,-0.0733885916345782
-0.0667611691149808,0.1374063032995931,0.1356360892234041,-0.2362153378728004,0.0487277770738565,0.0940320887611494,-0.1144963367481962,0.1167031661857618,-0.0411062184320549,0.0217800876873619,0.0738812654714753,-0.0733885916345782,-0.0244419406533696
0.1374063032995931,0.1356360892234041,-0.2362153378728004,0.0487277770738565,0.0940320887611494,-0.1144963367481962,0.1167031661857618,-0.0411062184320549,0.0217800876873619,0.0738812654714753,-0.0733885916345782,-0.0244419406533696,0.1323503311157401
0.1356360892234041,-0.2362153378728004,0.0487277770738565,0.0940320887611494,-0.1144963367481962,0.1167031661857618,-0.0411062184320549,0.0217800876873619,0.0738812654714753,-0.0733885916345782,-0.0244419406533696,0.1323503311157401,0.1127337430578996
-0.2362153378728004,0.0487277770738565,0.0940320887611494,-0.1144963367481962,0.1167031661857618,-0.0411062184320549,0.0217800876873619,0.0738812654714753,-0.0733885916345782,-0.0244419406533696,0.1323503311157401,0.1127337430578996,-0.2058833063481139
0.0487277770738565,0.0940320887611494,-0.1144963367481962,0.1167031661857618,-0.0411062184320549,0.0217800876873619,0.0738812654714753,-0.0733885916345782,-0.0244419406533696,0.1323503311157401,0.1127337430578996,-0.2058833063481139,-0.0205482911699349
0.0940320887611494,-0.1144963367481962,0.1167031661857618,-0.0411062184320549,0.0217800876873619,0.0738812654714753,-0.0733885916345782,-0.0244419406533696,0.1323503311157401,0.1127337430578996,-0.2058833063481139,-0.0205482911699349,0.1137803999297437
-0.1144963367481962,0.1167031661857618,-0.0411062184320549,0.0217800876873619,0.0738812654714753,-0.0733885916345782,-0.0244419406533696,0.1323503311157401,0.1127337430578996,-0.2058833063481139,-0.0205482911699349,0.1137803999297437,-0.0722036727791003
0.1167031661857618,-0.0411062184320549,0.0217800876873619,0.0738812654714753,-0.0733885916345782,-0.0244419406533696,0.1323503311157401,0.1127337430578996,-0.2058833063481139,-0.0205482911699349,0.1137803999297437,-0.0722036727791003,0.0730035157913975
-0.0411062184320549,0.0217800876873619,0.0738812654714753,-0.0733885916345782,-0.0244419406533696,0.1323503311157401,0.1127337430578996,-0.2058833063481139,-0.0205482911699349,0.1137803999297437,-0.0722036727791003,0.0730035157913975,-0.0329158803024046
0.0217800876873619,0.0738812654714753,-0.0733885916345782,-0.0244419406533696,0.1323503311157401,0.1127337430578996,-0.2058833063481139,-0.0205482911699349,0.1137803999297437,-0.0722036727791003,0.0730035157913975,-0.0329158803024046,0.055853786494125
0.0738812654714753,-0.0733885916345782,-0.0244419406533696,0.1323503311157401,0.1127337430578996,-0.2058833063481139,-0.0205482911699349,0.1137803999297437,-0.0722036727791003,0.0730035157913975,-0.0329158803024046,0.055853786494125,0.0619503577666011
-0.0733885916345782,-0.0244419406533696,0.1323503311157401,0.1127337430578996,-0.2058833063481139,-0.0205482911699349,0.1137803999297437,-0.0722036727791003,0.0730035157913975,-0.0329158803024046,0.055853786494125,0.0619503577666011,-0.0713713202694305
-0.0244419406533696,0.1323503311157401,0.1127337430578996,-0.2058833063481139,-0.0205482911699349,0.1137803999297437,-0.0722036727791003,0.0730035157913975,-0.0329158803024046,0.055853786494125,0.0619503577666011,-0.0713713202694305,0.0242413088951622
0.1323503311157401,0.1127337430578996,-0.2058833063481139,-0.0205482911699349,0.1137803999297437,-0.0722036727791003,0.0730035157913975,-0.0329158803024046,0.055853786494125,0.0619503577666011,-0.0713713202694305,0.0242413088951622,0.0949175934120105
0.1127337430578996,-0.2058833063481139,-0.0205482911699349,0.1137803999297437,-0.0722036727791003,0.0730035157913975,-0.0329158803024046,0.055853786494125,0.0619503577666011,-0.0713713202694305,0.0242413088951622,0.0949175934120105,0.0398338569641447
-0.2058833063481139,-0.0205482911699349,0.1137803999297437,-0.0722036727791003,0.0730035157913975,-0.0329158803024046,0.055853786494125,0.0619503577666011,-0.0713713202694305,0.0242413088951622,0.0949175934120105,0.0398338569641447,-0.2139435015231132
-0.0205482911699349,0.1137803999297437,-0.0722036727791003,0.0730035157913975,-0.0329158803024046,0.055853786494125,0.0619503577666011,-0.0713713202694305,0.0242413088951622,0.0949175934120105,0.0398338569641447,-0.2139435015231132,0.007321869993133
0.1137803999297437,-0.0722036727791003,0.0730035157913975,-0.0329158803024046,0.055853786494125,0.0619503577666011,-0.0713713202694305,0.0242413088951622,0.0949175934120105,0.0398338569641447,-0.2139435015231132,0.007321869993133,0.1285720378578876
-0.0722036727791003,0.0730035157913975,-0.0329158803024046,0.055853786494125,0.0619503577666011,-0.0713713202694305,0.0242413088951622,0.0949175934120105,0.0398338569641447,-0.2139435015231132,0.007321869993133,0.1285720378578876,-0.0354534780423798
0.0730035157913975,-0.0329158803024046,0.055853786494125,0.0619503577666011,-0.0713713202694305,0.0242413088951622,0.0949175934120105,0.0398338569641447,-0.2139435015231132,0.007321869993133,0.1285720378578876,-0.0354534780423798,0.0798719087278867
-0.0329158803024046,0.055853786494125,0.0619503577666011,-0.0713713202694305,0.0242413088951622,0.0949175934120105,0.0398338569641447,-0.2139435015231132,0.007321869993133,0.1285720378578876,-0.0354534780423798,0.0798719087278867,-0.0582448207959915
0.055853786494125,0.0619503577666011,-0.0713713202694305,0.0242413088951622,0.0949175934120105,0.0398338569641447,-0.2139435015231132,0.007321869993133,0.1285720378578876,-0.0354534780423798,0.0798719087278867,-0.0582448207959915,0.0658192107751751
0.0619503577666011,-0.0713713202694305,0.0242413088951622,0.0949175934120105,0.0398338569641447,-0.2139435015231132,0.007321869993133,0.1285720378578876,-0.0354534780423798,0.0798719087278867,-0.0582448207959915,0.0658192107751751,0.037654376922048
-0.0713713202694305,0.0242413088951622,0.0949175934120105,0.0398338569641447,-0.2139435015231132,0.007321869993133,0.1285720378578876,-0.0354534780423798,0.0798719087278867,-0.0582448207959915,0.0658192107751751,0.037654376922048,-0.0408404220714099
0.0242413088951622,0.0949175934120105,0.0398338569641447,-0.2139435015231132,0.007321869993133,0.1285720378578876,-0.0354534780423798,0.0798719087278867,-0.0582448207959915,0.0658192107751751,0.037654376922048,-0.0408404220714099,0.0058289168539282
0.0949175934120105,0.0398338569641447,-0.2139435015231132,0.007321869993133,0.1285720378578876,-0.0354534780423798,0.0798719087278867,-0.0582448207959915,0.0658192107751751,0.037654376922048,-0.0408404220714099,0.0058289168539282,0.0545759044458595
0.0398338569641447,-0.2139435015231132,0.007321869993133,0.1285720378578876,-0.0354534780423798,0.0798719087278867,-0.0582448207959915,0.0658192107751751,0.037654376922048,-0.0408404220714099,0.0058289168539282,0.0545759044458595,0.1366468377195169
-0.2139435015231132,0.007321869993133,0.1285720378578876,-0.0354534780423798,0.0798719087278867,-0.0582448207959915,0.0658192107751751,0.037654376922048,-0.0408404220714099,0.0058289168539282,0.0545759044458595,0.1366468377195169,-0.2252446219198846
0.007321869993133,0.1285720378578876,-0.0354534780423798,0.0798719087278867,-0.0582448207959915,0.0658192107751751,0.037654376922048,-0.0408404220714099,0.0058289168539282,0.0545759044458595,0.1366468377195169,-0.2252446219198846,-0.0524066248672497
0.1285720378578876,-0.0354534780423798,0.0798719087278867,-0.0582448207959915,0.0658192107751751,0.037654376922048,-0.0408404220714099,0.0058289168539282,0.0545759044458595,0.1366468377195169,-0.2252446219198846,-0.0524066248672497,0.1534841673411253
-0.0354534780423798,0.0798719087278867,-0.0582448207959915,0.0658192107751751,0.037654376922048,-0.0408404220714099,0.0058289168539282,0.0545759044458595,0.1366468377195169,-0.2252446219198846,-0.0524066248672497,0.1534841673411253,-0.0392533001443653
0.0798719087278867,-0.0582448207959915,0.0658192107751751,0.037654376922048,-0.0408404220714099,0.0058289168539282,0.0545759044458595,0.1366468377195169,-0.2252446219198846,-0.0524066248672497,0.1534841673411253,-0.0392533001443653,0.0819912461448644
-0.0582448207959915,0.0658192107751751,0.037654376922048,-0.0408404220714099,0.0058289168539282,0.0545759044458595,0.1366468377195169,-0.2252446219198846,-0.0524066248672497,0.1534841673411253,-0.0392533001443653,0.0819912461448644,-0.0322680070721491
0.0658192107751751,0.037654376922048,-0.0408404220714099,0.0058289168539282,0.0545759044458595,0.1366468377195169,-0.2252446219198846,-0.0524066248672497,0.1534841673411253,-0.0392533001443653,0.0819912461448644,-0.0322680070721491,0.0623380130155299
0.037654376922048,-0.0408404220714099,0.0058289168539282,0.0545759044458595,0.1366468377195169,-0.2252446219198846,-0.0524066248672497,0.1534841673411253,-0.0392533001443653,0.0819912461448644,-0.0322680070721491,0.0623380130155299,0.0027490564835086
-0.0408404220714099,0.0058289168539282,0.0545759044458595,0.1366468377195169,-0.2252446219198846,-0.0524066248672497,0.1534841673411253,-0.0392533001443653,0.0819912461448644,-0.0322680070721491,0.0623380130155299,0.0027490564835086,-0.0213117005040164
0.0058289168539282,0.0545759044458595,0.1366468377195169,-0.2252446219198846,-0.0524066248672497,0.1534841673411253,-0.0392533001443653,0.0819912461448644,-0.0322680070721491,0.0623380130155299,0.0027490564835086,-0.0213117005040164,0.0152675677931228
0.0545759044458595,0.1366468377195169,-0.2252446219198846,-0.0524066248672497,0.1534841673411253,-0.0392533001443653,0.0819912461448644,-0.0322680070721491,0.0623380130155299,0.0027490564835086,-0.0213117005040164,0.0152675677931228,0.0395228221962311
0.1366468377195169,-0.2252446219198846,-0.0524066248672497,0.1534841673411253,-0.0392533001443653,0.0819912461448644,-0.0322680070721491,0.0623380130155299,0.0027490564835086,-0.0213117005040164,0.0152675677931228,0.0395228221962311,0.1475198378398483
-0.2252446219198846,-0.0524066248672497,0.1534841673411253,-0.0392533001443653,0.0819912461448644,-0.0322680070721491,0.0623380130155299,0.0027490564835086,-0.0213117005040164,0.0152675677931228,0.0395228221962311,0.1475198378398483,-0.249929150647836
-0.0524066248672497,0.1534841673411253,-0.0392533001443653,0.0819912461448644,-0.0322680070721491,0.0623380130155299,0.0027490564835086,-0.0213117005040164,0.0152675677931228,0.0395228221962311,0.1475198378398483,-0.249929150647836,0.0256570924894858
0.1534841673411253,-0.0392533001443653,0.0819912461448644,-0.0322680070721491,0.0623380130155299,0.0027490564835086,-0.0213117005040164,0.0152675677931228,0.0395228221962311,0.1475198378398483,-0.249929150647836,0.0256570924894858,0.1097197978683672
-0.0392533001443653,0.0819912461448644,-0.0322680070721491,0.0623380130155299,0.0027490564835086,-0.0213117005040164,0.0152675677931228,0.0395228221962311,0.1475198378398483,-0.249929150647836,0.0256570924894858,0.1097197978683672,-0.0661894866904051
0.0819912461448644,-0.0322680070721491,0.0623380130155299,0.0027490564835086,-0.0213117005040164,0.0152675677931228,0.0395228221962311,0.1475198378398483,-0.249929150647836,0.0256570924894858,0.1097197978683672,-0.0661894866904051,0.0497584448972163
-0.0322680070721491,0.0623380130155299,0.0027490564835086,-0.0213117005040164,0.0152675677931228,0.0395228221962311,0.1475198378398483,-0.249929150647836,0.0256570924894858,0.1097197978683672,-0.0661894866904051,0.0497584448972163,0.0156554575519261
0.0623380130155299,0.0027490564835086,-0.0213117005040164,0.0152675677931228,0.0395228221962311,0.1475198378398483,-0.249929150647836,0.0256570924894858,0.1097197978683672,-0.0661894866904051,0.0497584448972163,0.0156554575519261,0.0053934337993646
0.0027490564835086,-0.0213117005040164,0.0152675677931228,0.0395228221962311,0.1475198378398483,-0.249929150647836,0.0256570924894858,0.1097197978683672,-0.0661894866904051,0.0497584448972163,0.0156554575519261,0.0053934337993646,0.0434550093540515
-0.0213117005040164,0.0152675677931228,0.0395228221962311,0.1475198378398483,-0.249929150647836,0.0256570924894858,0.1097197978683672,-0.0661894866904051,0.0497584448972163,0.0156554575519261,0.0053934337993646,0.0434550093540515,-0.0015775398145659
0.0152675677931228,0.0395228221962311,0.1475198378398483,-0.249929150647836,0.0256570924894858,0.1097197978683672,-0.0661894866904051,0.0497584448972163,0.0156554575519261,0.0053934337993646,0.0434550093540515,-0.0015775398145659,-0.0492936739903711
0.0395228221962311,0.1475198378398483,-0.249929150647836,0.0256570924894858,0.1097197978683672,-0.0661894866904051,0.0497584448972163,0.0156554575519261,0.0053934337993646,0.0434550093540515,-0.0015775398145659,-0.0492936739903711,0.0979800137455808
0.1475198378398483,-0.249929150647836,0.0256570924894858,0.1097197978683672,-0.0661894866904051,0.0497584448972163,0.0156554575519261,0.0053934337993646,0.0434550093540515,-0.0015775398145659,-0.0492936739903711,0.0979800137455808,0.0928198978426624
-0.249929150647836,0.0256570924894858,0.1097197978683672,-0.0661894866904051,0.0497584448972163,0.0156554575519261,0.0053934337993646,0.0434550093540515,-0.0015775398145659,-0.0492936739903711,0.0979800137455808,0.0928198978426624,-0.2313329406086155
0.0256570924894858,0.1097197978683672,-0.0661894866904051,0.0497584448972163,0.0156554575519261,0.0053934337993646,0.0434550093540515,-0.0015775398145659,-0.0492936739903711,0.0979800137455808,0.0928198978426624,-0.2313329406086155,-0.0004766566019779
0.1097197978683672,-0.0661894866904051,0.0497584448972163,0.0156554575519261,0.0053934337993646,0.0434550093540515,-0.0015775398145659,-0.0492936739903711,0.0979800137455808,0.0928198978426624,-0.2313329406086155,-0.0004766566019779,0.1726329000558348
-0.0661894866904051,0.0497584448972163,0.0156554575519261,0.0053934337993646,0.0434550093540515,-0.0015775398145659,-0.0492936739903711,0.0979800137455808,0.0928198978426624,-0.2313329406086155,-0.0004766566019779,0.1726329000558348,-0.1074868475002301
0.0497584448972163,0.0156554575519261,0.0053934337993646,0.0434550093540515,-0.0015775398145659,-0.0492936739903711,0.0979800137455808,0.0928198978426624,-0.2313329406086155,-0.0004766566019779,0.1726329000558348,-0.1074868475002301,0.0982727944033268
0.0156554575519261,0.0053934337993646,0.0434550093540515,-0.0015775398145659,-0.0492936739903711,0.0979800137455808,0.0928198978426624,-0.2313329406086155,-0.0004766566019779,0.1726329000558348,-0.1074868475002301,0.0982727944033268,-0.0053287411023382
0.0053934337993646,0.0434550093540515,-0.0015775398145659,-0.0492936739903711,0.0979800137455808,0.0928198978426624,-0.2313329406086155,-0.0004766566019779,0.1726329000558348,-0.1074868475002301,0.0982727944033268,-0.0053287411023382,-0.0150249412812658
0.0434550093540515,-0.0015775398145659,-0.0492936739903711,0.0979800137455808,0.0928198978426624,-0.2313329406086155,-0.0004766566019779,0.1726329000558348,-0.1074868475002301,0.0982727944033268,-0.0053287411023382,-0.0150249412812658,0.0701418816714625
-0.0015775398145659,-0.0492936739903711,0.0979800137455808,0.0928198978426624,-0.2313329406086155,-0.0004766566019779,0.1726329000558348,-0.1074868475002301,0.0982727944033268,-0.0053287411023382,-0.0150249412812658,0.0701418816714625,-0.031983383534153
-0.0492936739903711,0.0979800137455808,0.0928198978426624,-0.2313329406086155,-0.0004766566019779,0.1726329000558348,-0.1074868475002301,0.0982727944033268,-0.0053287411023382,-0.0150249412812658,0.0701418816714625,-0.031983383534153,-0.004407199132507
0.0979800137455808,0.0928198978426624,-0.2313329406086155,-0.0004766566019779,0.1726329000558348,-0.1074868475002301,0.0982727944033268,-0.0053287411023382,-0.0150249412812658,0.0701418816714625,-0.031983383534153,-0.004407199132507,0.1097805229503599
0.0928198978426624,-0.2313329406086155,-0.0004766566019779,0.1726329000558348,-0.1074868475002301,0.0982727944033268,-0.0053287411023382,-0.0150249412812658,0.0701418816714625,-0.031983383534153,-0.004407199132507,0.1097805229503599,0.067803983680226
-0.2313329406086155,-0.0004766566019779,0.1726329000558348,-0.1074868475002301,0.0982727944033268,-0.0053287411023382,-0.0150249412812658,0.0701418816714625,-0.031983383534153,-0.004407199132507,0.1097805229503599,0.067803983680226,-0.2230265667856716
-0.0004766566019779,0.1726329000558348,-0.1074868475002301,0.0982727944033268,-0.0053287411023382,-0.0150249412812658,0.0701418816714625,-0.031983383534153,-0.004407199132507,0.1097805229503599,0.067803983680226,-0.2230265667856716,-0.0178678539790516
0.1726329000558348,-0.1074868475002301,0.0982727944033268,-0.0053287411023382,-0.0150249412812658,0.0701418816714625,-0.031983383534153,-0.004407199132507,0.1097805229503599,0.067803983680226,-0.2230265667856716,-0.0178678539790516,0.1799695066053197
-0.1074868475002301,0.0982727944033268,-0.0053287411023382,-0.0150249412812658,0.0701418816714625,-0.031983383534153,-0.004407199132507,0.1097805229503599,0.067803983680226,-0.2230265667856716,-0.0178678539790516,0.1799695066053197,-0.0800487900635447
0.0982727944033268,-0.0053287411023382,-0.0150249412812658,0.0701418816714625,-0.031983383534153,-0.004407199132507,0.1097805229503599,0.067803983680226,-0.2230265667856716,-0.0178678539790516,0.1799695066053197,-0.0800487900635447,0.0846010753930313
-0.0053287411023382,-0.0150249412812658,0.0701418816714625,-0.031983383534153,-0.004407199132507,0.1097805229503599,0.067803983680226,-0.2230265667856716,-0.0178678539790516,0.1799695066053197,-0.0800487900635447,0.0846010753930313,-0.0183167190021094
-0.0150249412812658,0.0701418816714625,-0.031983383534153,-0.004407199132507,0.1097805229503599,0.067803983680226,-0.2230265667856716,-0.0178678539790516,0.1799695066053197,-0.0800487900635447,0.0846010753930313,-0.0183167190021094,-0.0012710394683244
0.0701418816714625,-0.031983383534153,-0.004407199132507,0.1097805229503599,0.067803983680226,-0.2230265667856716,-0.0178678539790516,0.1799695066053197,-0.0800487900635447,0.0846010753930313,-0.0183167190021094,-0.0012710394683244,0.0490360686061233
-0.031983383534153,-0.004407199132507,0.1097805229503599,0.067803983680226,-0.2230265667856716,-0.0178678539790516,0.1799695066053197,-0.0800487900635447,0.0846010753930313,-0.0183167190021094,-0.0012710394683244,0.0490360686061233,-0.0602662052773796
-0.004407199132507,0.1097805229503599,0.067803983680226,-0.2230265667856716,-0.0178678539790516,0.1799695066053197,-0.0800487900635447,0.0846010753930313,-0.0183167190021094,-0.0012710394683244,0.0490360686061233,-0.0602662052773796,0.0171930901085639
0.1097805229503599,0.067803983680226,-0.2230265667856716,-0.0178678539790516,0.1799695066053197,-0.0800487900635447,0.0846010753930313,-0.0183167190021094,-0.0012710394683244,0.0490360686061233,-0.0602662052773796,0.0171930901085639,0.0847688407236182
0.067803983680226,-0.2230265667856716,-0.0178678539790516,0.1799695066053197,-0.0800487900635447,0.0846010753930313,-0.0183167190021094,-0.0012710394683244,0.0490360686061233,-0.0602662052773796,0.0171930901085639,0.0847688407236182,0.0333713392124086
-0.2230265667856716,-0.0178678539790516,0.1799695066053197,-0.0800487900635447,0.0846010753930313,-0.0183167190021094,-0.0012710394683244,0.0490360686061233,-0.0602662052773796,0.0171930901085639,0.0847688407236182,0.0333713392124086,-0.2139196757808827
-0.0178678539790516,0.1799695066053197,-0.0800487900635447,0.0846010753930313,-0.0183167190021094,-0.0012710394683244,0.0490360686061233,-0.0602662052773796,0.0171930901085639,0.0847688407236182,0.0333713392124086,-0.2139196757808827,-0.0190617457848397
0.1799695066053197,-0.0800487900635447,0.0846010753930313,-0.0183167190021094,-0.0012710394683244,0.0490360686061233,-0.0602662052773796,0.0171930901085639,0.0847688407236182,0.0333713392124086,-0.2139196757808827,-0.0190617457848397,0.1749279196359101
-0.0800487900635447,0.0846010753930313,-0.0183167190021094,-0.0012710394683244,0.0490360686061233,-0.0602662052773796,0.0171930901085639,0.0847688407236182,0.0333713392124086,-0.2139196757808827,-0.0190617457848397,0.1749279196359101,-0.0482906198352792
0.0846010753930313,-0.0183167190021094,-0.0012710394683244,0.0490360686061233,-0.0602662052773796,0.0171930901085639,0.0847688407236182,0.0333713392124086,-0.2139196757808827,-0.0190617457848397,0.1749279196359101,-0.0482906198352792,0.0813608133888683
-0.0183167190021094,-0.0012710394683244,0.0490360686061233,-0.0602662052773796,0.0171930901085639,0.0847688407236182,0.0333713392124086,-0.2139196757808827,-0.0190617457848397,0.1749279196359101,-0.0482906198352792,0.0813608133888683,-0.0569893686309741
-0.0012710394683244,0.0490360686061233,-0.0602662052773796,0.0171930901085639,0.0847688407236182,0.0333713392124086,-0.2139196757808827,-0.0190617457848397,0.1749279196359101,-0.0482906198352792,0.0813608133888683,-0.0569893686309741,0.0483985936913546
